Healthy Homemade Dog Food Recipes,Delicious and Nutritious DIY Dog Food Recipes,Research dog-safe ingredients,"Balance protein, carbs, and vegetables",Cook in batches for easy portioning,Use natural preservatives like vitamin E,Gradually transition to homemade food
Healthy Homemade Dog Food Recipes,5 Easy Homemade Dog Food Recipes,Start with a simple recipe,Use quality ingredients,Cook in bulk and freeze for convenience,Include a variety of proteins for balanced nutrition,Consult a vet to ensure nutritional adequacy
Healthy Homemade Dog Food Recipes,Budget-Friendly Homemade Dog Food Recipes,Opt for affordable protein sources,Utilize seasonal vegetables and fruits,Cook in larger quantities to save on cost,Incorporate grains as a cost-effective filler,Consider local suppliers and discounts for ingredients
Healthy Homemade Dog Food Recipes,Vegetarian and Vegan Dog Food Recipes,Consult a vet for proper supplementation,Focus on plant-based proteins like lentils and beans,Include essential amino acids through supplements or plant-based sources,Ensure balanced nutrition with a variety of fruits and vegetables,Monitor your dog's health and consult a vet regularly
Healthy Homemade Dog Food Recipes,Grain-Free Homemade Dog Food Recipes,Replace grains with alternative sources,Add healthy fats like fish oil or coconut oil,Include fiber-rich ingredients like sweet potatoes,Monitor your dog for any potential allergies or sensitivities,Adjust portion sizes based on your dog's activity level
Healthy Homemade Dog Food Recipes,Slow Cooker Dog Food Recipes,Choose recipes suitable for slow cooking,"Cut ingredients into small, uniform pieces",Follow recommended cooking times and temperatures,Use low-sodium broths or homemade stocks as a base,Allow the food to cool completely before serving to your dog
Healthy Homemade Dog Food Recipes,Puppy-Friendly Homemade Dog Food Recipes,Choose recipes suitable for puppies,Incorporate puppy-specific nutritional needs,Ensure appropriate calcium-to-phosphorus ratio,Gradually introduce new ingredients to avoid digestive issues,Monitor your puppy's weight and adjust portion sizes accordingly
Healthy Homemade Dog Food Recipes,Homemade Dog Treats with Hidden Health Benefits,"Use natural, dog-friendly ingredients",Avoid additives like artificial colors or flavors,Incorporate ingredients like pumpkin for digestive health,Experiment with different flavors and textures,Store treats in airtight containers to maintain freshness
Healthy Homemade Dog Food Recipes,Freeze and Store: Make Ahead Homemade Dog Food Recipes,Portion food into freezer-safe containers,Label containers with the recipe and date,Thaw portions in the refrigerator overnight before serving,Avoid refreezing thawed food,Use freezer bags to minimize freezer space
Healthy Homemade Dog Food Recipes,How to Add Supplements to Homemade Dog Food for Optimal Nutrition,Choose high-quality supplements,Consult a vet to determine the right dosage and type,Mix supplements thoroughly into the food,Use supplements that address specific health concerns,Monitor your dog's response to the supplements and adjust as necessary
Top Training Tips for Puppies,Puppy Training 101: Essential Tips,Start training early,Use positive reinforcement techniques,Keep training sessions short and frequent,Be patient and consistent in your training,Socialize your puppy with different environments and people
Top Training Tips for Puppies,5 Basic Commands Every Puppy Should Learn,"Begin with ""sit"" command","Teach ""stay"" command","Introduce ""come"" command for recall","Teach ""down"" command for lying down","Practice ""leave it"" command for impulse control"
Top Training Tips for Puppies,Positive Reinforcement: Key to Successful Training,Reward good behavior with treats or praise,Use clicker training techniques,Ignore and redirect unwanted behavior,"Break training tasks into smaller, manageable steps",Celebrate your puppy's successes and progress
Top Training Tips for Puppies,House Training Hacks: Teach Your Puppy to Go Outside,Establish a consistent bathroom schedule,Take your puppy to the designated bathroom spot,Reward your puppy after successful elimination,Supervise your puppy closely indoors to prevent accidents,Clean up accidents with an enzymatic cleaner to eliminate odors
Top Training Tips for Puppies,Puppy Socialization Tips,"Expose your puppy to various sounds, sights, and people",Organize playdates with other puppies,Gradually introduce new environments and experiences to your puppy,Use positive reinforcement to build positive associations,Seek professional help if your puppy shows signs of fear or aggression
Top Training Tips for Puppies,Crate Training: The Safe Haven for Your Puppy,Choose an appropriate-sized crate for your puppy,Make the crate comfortable and inviting,"Introduce the crate gradually, using positive reinforcement",Use the crate for short periods initially and gradually increase time,Never use the crate as a form of punishment or confinement
Top Training Tips for Puppies,Clicker Training: Fun and Effective Technique,Introduce the clicker as a conditioned reinforcer,Pair the clicker with a reward,Click at the precise moment your puppy exhibits the desired behavior,Follow the click with a reward promptly and consistently,Practice timing and precision to ensure clear communication with clicker
Top Training Tips for Puppies,Training Games for Puppies,Use treat-dispensing toys for training and play,Incorporate hide-and-seek games,Teach your puppy to find and fetch specific objects,Play interactive games that promote mental stimulation,Incorporate obedience commands into playful activities
Top Training Tips for Puppies,Dealing with Puppy Biting,Provide appropriate chew toys for teething puppies,Redirect biting to acceptable chew items,"Use gentle reprimands like a firm ""no"" or ""ouch""",Reward calm behavior and gentle play,Seek professional help if biting becomes excessive or aggressive
Top Training Tips for Puppies,Potty Training Made Easy,Establish a consistent schedule for bathroom breaks,Take your puppy outside after meals and naps,Use a specific command or phrase for elimination,Reward your puppy immediately after successful potty trips,"Be patient and consistent, as accidents are a part of the learning process"
Dog Treat Recipes for Training and Rewards,Irresistible Homemade Dog Treats,Use dog-safe ingredients,Experiment with different shapes and sizes,Bake treats until golden and crispy,Cool treats completely before serving,Store treats in an airtight container to maintain freshness
Dog Treat Recipes for Training and Rewards,Healthy Dog Treat Recipes,Choose nutritious ingredients,Control portion sizes,Incorporate fruits and vegetables for added vitamins and minerals,Use natural sweeteners like honey or applesauce,Consult a vet for any specific dietary concerns
Dog Treat Recipes for Training and Rewards,Quick and Easy Frozen Dog Treats,Blend dog-friendly ingredients,Pour into ice cube trays or silicone molds,Add a small training treat as a surprise in the center of each treat,Freeze until solid and ready to serve,Use frozen treats as a refreshing reward during hot weather
Dog Treat Recipes for Training and Rewards,Grain-Free Dog Treat Recipes,Substitute grains with alternative ingredients,Use coconut or almond flour instead of wheat flour,Include protein-rich ingredients like meat or eggs,Check for potential allergens in the recipe,Adjust cooking time and temperature for grain-free recipes
Dog Treat Recipes for Training and Rewards,DIY Training Treats: Cost-Effective Alternatives,Make treats using ingredients you already have at home,Cut treats into smaller pieces for more training opportunities,Repurpose leftover meat or vegetable scraps,Bake treats in bulk and freeze for long-term use,Personalize treats by adding your dog's favorite flavors or textures
Dog Treat Recipes for Training and Rewards,Peanut Butter Dog Treats,"Choose natural, unsalted peanut butter",Mix in whole wheat flour or oats for added texture and fiber,Use a silicone mold or cookie cutter for fun shapes,Decorate treats with a drizzle of melted peanut butter,Check for any peanut allergies in your dog before using peanut butter
Dog Treat Recipes for Training and Rewards,Homemade Dental Dog Treats,Include ingredients that promote dental health,Add fresh parsley or mint for breath freshening properties,Incorporate tooth-friendly textures like crunchy or chewy treats,Avoid sugary ingredients that may harm dental health,Offer dental treats as part of a regular oral hygiene routine
Dog Treat Recipes for Training and Rewards,No-Bake Dog Treats,Combine ingredients in a mixing bowl,Shape treats into small balls or bars,Refrigerate treats until firm and set,Use ingredients that are safe to consume raw,Experiment with different flavors and textures in no-bake treat recipes
Dog Treat Recipes for Training and Rewards,Allergy-Friendly Dog Treats,Use hypoallergenic ingredients,"Avoid common allergens like wheat, dairy, or certain proteins",Offer grain-free or limited ingredient options for sensitive dogs,Opt for single-ingredient treats for simplicity,Consult a vet for guidance on suitable ingredients for allergy-friendly treats
Dog Treat Recipes for Training and Rewards,Training Treats with Hidden Healthy Ingredients,Sneak in pureed vegetables or fruits into the treat recipe,Use homemade bone broth or stock as a flavor enhancer,Incorporate ground flaxseed or chia seeds for added nutrition,Add small amounts of grated carrots or zucchini for moisture,Adjust the treat recipe to accommodate any dietary restrictions or needs
Nutritional Requirements for Senior Dogs,Senior Dog Diet: Essential Nutrients,Consult a vet for personalized dietary recommendations,Include high-quality protein sources,Adjust calorie intake to maintain a healthy weight,Incorporate fiber-rich ingredients for digestion,Monitor your senior dog's weight and adjust portion sizes accordingly
Nutritional Requirements for Senior Dogs,Balancing Senior Dog Food,Choose age-appropriate dog food formulas,Look for formulas with joint-supporting ingredients,Consider a mix of wet and dry food for texture variation,Monitor your dog's weight and body condition,Regularly assess your dog's nutritional needs and adjust accordingly
Nutritional Requirements for Senior Dogs,Joint Health Support,Opt for dog food with glucosamine and chondroitin,Include omega-3 fatty acids for joint inflammation support,Consider supplements like MSM or turmeric for added joint support,Encourage low-impact exercise for joint health,Consult a vet for specific joint health recommendations
Nutritional Requirements for Senior Dogs,Senior Dog Food Formulas,Select formulas based on your dog's specific needs,Consider wet food for added hydration,Evaluate homemade recipes with a vet's guidance,Gradually transition to new food to avoid digestive issues,Monitor your dog's response to different food formulas
Nutritional Requirements for Senior Dogs,Weight Management for Senior Dogs,Measure and portion meals accurately,Opt for weight management formulas or recipes,"Include high-quality, lean protein sources in the diet",Limit high-calorie treats and table scraps,Regularly weigh your senior dog and adjust food intake accordingly
Nutritional Requirements for Senior Dogs,Boosting Immunity,Include antioxidant-rich ingredients in the diet,Consider adding supplements like vitamin C or E,Ensure a balanced and varied diet for overall immunity support,Provide regular exercise and mental stimulation,Keep up with regular veterinary check-ups to monitor immune health
Nutritional Requirements for Senior Dogs,Digestive Health for Senior Dogs,Choose easily digestible protein sources,Include fiber from sources like sweet potatoes or pumpkin,Avoid ingredients that may cause gastrointestinal upset,Incorporate probiotics or digestive enzymes,Monitor your dog's stools and digestive comfort
Nutritional Requirements for Senior Dogs,Heart Health for Senior Dogs,Include omega-3 fatty acids for heart health,Opt for low-sodium dog food options,Limit dietary fats and cholesterol for heart health,Encourage regular exercise and physical activity,Schedule regular veterinary check-ups to monitor heart health
Nutritional Requirements for Senior Dogs,Managing Dental Health in Senior Dogs,Choose dental-friendly dog food or treats,Incorporate dental chews or toys for oral hygiene,Avoid sticky or sugary ingredients that may promote tooth decay,Regularly brush your dog's teeth or use dental wipes,Schedule regular dental cleanings with your veterinarian
Nutritional Requirements for Senior Dogs,Transitioning to a Senior Dog Diet,Gradually mix new food with the current diet,Monitor your dog's response to the new food,Adjust the transition speed based on your dog's tolerance,Consider introducing new ingredients one at a time,Seek guidance from a vet to ensure a smooth transition to senior dog diet
Positive Reinforcement Training Techniques,Positive Reinforcement Basics,Use treats or praise as rewards,Be consistent in your training,Timing is crucial - reward immediately after desired behavior,Keep training sessions short and frequent,Stay patient and positive throughout the training process
Positive Reinforcement Training Techniques,Clicker Training,Introduce the clicker as a conditioned reinforcer,Pair the click with a reward,Click at the precise moment your dog exhibits the desired behavior,Follow the click with a reward promptly and consistently,Practice and refine your timing and clicker mechanics
Positive Reinforcement Training Techniques,Treat Training vs. Verbal Praise,Find the right balance between treats and verbal praise,Use treats for more challenging tasks or during initial training,Verbal praise can be used for reinforcing good behavior,Observe your dog's response and adjust the reinforcement method,Customize your approach based on your dog's preferences and motivation
Positive Reinforcement Training Techniques,Target Training,Choose a target object or spot for your dog to focus on,Use treats or a clicker to mark and reward correct responses,Guide your dog to touch or interact with the target,Gradually shape more complex behaviors,Practice in different locations and gradually increase distractions
Positive Reinforcement Training Techniques,Shaping Behavior,"Break the desired behavior into small, achievable steps",Reward and reinforce each incremental progress,Shape successive approximations toward the final behavior,Be patient and progress at your dog's pace,Celebrate small victories and build on previous successes
Positive Reinforcement Training Techniques,The Power of Play,Incorporate play and toys as rewards in training sessions,Use interactive toys to engage and motivate your dog,Turn training into a game or playful activity,Play with your dog in between training tasks,Tailor playtime to your dog's preferences and energy level
Positive Reinforcement Training Techniques,Training on the Go,Carry small treats or a clicker for on-the-go training,Look for opportunities to reinforce good behavior in real-life,Practice basic commands and behaviors in different environments,Use positive reinforcement techniques consistently,Adapt training to real-life distractions and gradually increase difficulty
Positive Reinforcement Training Techniques,Training Games,Make training fun and engaging through interactive games,Incorporate obedience commands into playful activities,"Use toys, treats, or play as rewards for successful responses",Vary the types of training games to keep it interesting,Create a positive and enthusiastic atmosphere during training games
Positive Reinforcement Training Techniques,Problem Solving with Positive Reinforcement,Analyze and identify the underlying cause of the issue,"Break down the problem into smaller, manageable components",Use positive reinforcement to encourage desired alternative behaviors,Seek professional help if needed,Stay persistent and adaptable in finding effective solutions
Positive Reinforcement Training Techniques,Rewarding Good Behavior,Explore alternative rewards beyond treats and praise,"Use verbal affirmations, physical affection, or play as rewards","Use life rewards like access to toys, walks, or outdoor activities",Find what motivates and excites your dog,Rotate and mix up the rewards to keep them meaningful and exciting
Raw Food Diet for Dogs: Pros and Cons,Raw Food Diet 101,Research and educate yourself on raw food diets,Understand the pros and cons,Consult with a veterinarian before making any changes,Start with small changes and monitor your dog's response,Gradually transition to a raw food diet over several weeks
Raw Food Diet for Dogs: Pros and Cons,Transitioning to a Raw Food Diet,Begin by introducing small amounts of raw food,Mix raw food with your dog's current diet,Gradually increase the ratio of raw food to current diet,Monitor your dog's digestion and adjust accordingly,Seek guidance from a veterinarian for a customized transition plan
Raw Food Diet for Dogs: Pros and Cons,Balancing a Raw Food Diet,Include a variety of protein sources in the diet,Add fruits and vegetables for essential vitamins and minerals,Incorporate organ meats for nutrient balance and enrichment,Consider calcium and phosphorus ratios in the diet,Consult with a veterinarian or canine nutritionist for guidance
Raw Food Diet for Dogs: Pros and Cons,Raw Food Diet Myths vs. Facts,Separate fact from fiction through reliable sources,Challenge common misconceptions,Consult with professionals to get accurate information,Stay informed and open-minded about new research,Make decisions based on your dog's individual needs and health status
Raw Food Diet for Dogs: Pros and Cons,Raw Food Diet for Dogs with Allergies,Identify specific allergens and intolerances in your dog,Customize the raw food diet to exclude problem ingredients,Monitor your dog's allergies and sensitivities,Gradually introduce new ingredients and track reactions,Seek advice from a veterinarian or veterinary nutritionist
Raw Food Diet for Dogs: Pros and Cons,Precautions for Raw Food Diets,Practice proper food handling and hygiene,Store raw food at appropriate temperatures,Keep raw food separate from human food to prevent contamination,Thaw raw food safely and avoid cross-contamination,Follow guidelines for safe handling and storage of raw food
Raw Food Diet for Dogs: Pros and Cons,Commercial Raw Food vs. Homemade,Evaluate the quality and sourcing of commercial raw food,Consider cost-effectiveness and convenience,Assess your dog's dietary needs and preferences,Make an informed decision based on available options,Customize the diet based on your dog's specific requirements
Raw Food Diet for Dogs: Pros and Cons,Raw Food Diet for Puppies,Consult with a veterinarian before starting a raw diet,Ensure a balanced and age-appropriate diet,Monitor your puppy's growth and overall health,Gradually introduce raw food during the weaning process,Adjust the diet as your puppy's nutritional needs change
Raw Food Diet for Dogs: Pros and Cons,Introducing Raw Bones into Your Dog's Diet,Choose appropriate raw bones for your dog's size and breed,Supervise your dog while chewing,Avoid weight-bearing bones that can splinter and cause harm,Start with recreational chewing bones for beginners,Monitor your dog's chewing habits and remove small or sharp bone pieces
Raw Food Diet for Dogs: Pros and Cons,Consulting with a Vet for Raw Food Diets,Seek professional advice for a personalized plan,Discuss your dog's specific health and dietary needs,Address any concerns or questions with your veterinarian,Regularly communicate and update your vet on progress,Work together with your veterinarian to optimize your dog's diet
Interactive Toys for Dogs Mental Stimulation,Engaging Puzzle Toys,Start with easy puzzles and gradually increase difficulty,Introduce puzzle toys during mealtime,Use treats or kibble as rewards for solving the puzzles,Rotate different puzzle toys to keep it exciting,Supervise your dog initially to ensure safe play and prevent frustration
Interactive Toys for Dogs Mental Stimulation,Interactive Treat Dispensers,Choose treat dispensers suitable for your dog's size,Fill the dispenser with your dog's favorite treats or kibble,Adjust the difficulty level of the treat dispenser,Encourage your dog to interact and problem-solve,Clean and maintain the treat dispenser regularly
Interactive Toys for Dogs Mental Stimulation,Sensory Toys for Dogs,"Explore toys with different textures, sounds, and scents",Offer toys that engage your dog's sense of taste,Provide toys that make crinkling or squeaking sounds,Rotate toys to keep the sensory experience fresh,Observe your dog's preference and response to different sensory toys
Interactive Toys for Dogs Mental Stimulation,Hide and Seek Games,Start with simple hiding spots and gradually increase,Use treats or toys as hidden rewards,Encourage your dog to find the hidden items,Praise and reward your dog for successful finds,Vary hiding locations and objects to keep it challenging
Interactive Toys for Dogs Mental Stimulation,DIY Brain Games,Repurpose household items into puzzle toys,Create DIY treat dispensers or puzzle boxes,Use empty plastic bottles or cardboard for hiding games,Incorporate problem-solving elements into playtime,Supervise your dog to ensure they don't chew or swallow any DIY toys
Interactive Toys for Dogs Mental Stimulation,Outsmart the Treat,Choose puzzle toys that require problem-solving,Hide treats in complex puzzle toys,Introduce toys that require manipulation or strategy,Adjust the difficulty level to match your dog's skills,Celebrate your dog's success when they outsmart the treat
Interactive Toys for Dogs Mental Stimulation,Nose Work Toys,Use scented puzzle toys or snuffle mats,Hide treats in different areas for your dog to find,Encourage your dog to use their sense of smell and search,Start with easy hiding spots and gradually increase,Practice nose work in different environments and with varying scents
Interactive Toys for Dogs Mental Stimulation,Training Toys,Incorporate training commands or tasks into playtime,Use interactive toys that reward your dog for correct responses,Make training sessions fun and engaging,Reinforce positive behavior during training sessions,Choose toys that align with your dog's training goals
Interactive Toys for Dogs Mental Stimulation,Durable Interactive Toys,Look for toys made from durable materials,Choose toys that are appropriate for your dog's chewing habits,Opt for toys with reinforced stitching or strong materials,Avoid toys with small parts that can be swallowed,Inspect toys regularly for any signs of wear or damage
Interactive Toys for Dogs Mental Stimulation,DIY Treat Puzzle Toys,Create homemade puzzle toys using cardboard or muffin tins,Hide treats or kibble in different compartments,Use lids or closures to make it challenging to access,Customize the puzzle difficulty based on your dog's abilities,Supervise your dog to ensure they don't ingest any DIY materials
Allergy-Friendly Dog Food Recipes,Hypoallergenic Dog Food Recipes,Identify specific allergens to exclude from the recipes,Use alternative protein sources like turkey or duck,Include easily digestible carbohydrates like sweet potatoes,Gradually introduce new recipes and monitor your dog's response,Consult with a veterinarian or veterinary nutritionist for guidance
Allergy-Friendly Dog Food Recipes,Grain-Free and Gluten-Free Dog Food Recipes,Use grain-free flours like almond or coconut flour,Opt for gluten-free grains like quinoa or brown rice,Include protein-rich ingredients like salmon or chicken,Experiment with different grain-free and gluten-free recipes,Check with a veterinarian if grain-free is appropriate for your dog
Allergy-Friendly Dog Food Recipes,Novel Protein Sources,Introduce novel proteins like venison or rabbit,Rotate protein sources to minimize the risk of developing allergies,Research appropriate portion sizes for novel proteins,Monitor your dog for any adverse reactions,Consult with a veterinarian to ensure balanced nutrition and safety
Allergy-Friendly Dog Food Recipes,Homemade Limited Ingredient Dog Food,Choose a single protein source and a limited number of ingredients,Use easily digestible carbohydrates like pumpkin or oatmeal,Include essential nutrients through supplements or additional ingredients,Gradually transition to a limited ingredient diet,Seek guidance from a veterinarian or veterinary nutritionist for a balanced plan
Allergy-Friendly Dog Food Recipes,Avoiding Common Allergens,"Identify common allergens such as beef, chicken, or dairy",Read ingredient labels carefully and avoid known allergens,Substitute allergenic ingredients with suitable alternatives,Prepare homemade meals to have complete control over ingredients,Keep a food diary to track potential allergens and their effects
Allergy-Friendly Dog Food Recipes,Elimination Diets,Start with a limited ingredient diet and gradually reintroduce ingredients,Monitor your dog's reactions to different ingredients,Note any changes in symptoms or behavior during the process,Work closely with a veterinarian to guide the elimination process,Seek professional advice to ensure a proper and safe elimination diet
Allergy-Friendly Dog Food Recipes,Allergy-Friendly Dog Treat Recipes,Use hypoallergenic ingredients like coconut flour or tapioca starch,"Avoid common allergens like wheat, soy, or dairy in treats",Bake treats at a low temperature to preserve nutrients,Experiment with different flavors and textures,Consult with a veterinarian for recommendations on allergy-friendly treats
Allergy-Friendly Dog Food Recipes,The Role of Omega-3 Fatty Acids,Include omega-3 rich ingredients like fish oil or flaxseed,Use fish-based protein sources for increased omega-3 fatty acids,Consider adding supplements with high levels of omega-3,Monitor your dog's response to omega-3 fatty acids,Adjust the amount of omega-3 fatty acids based on your dog's needs
Allergy-Friendly Dog Food Recipes,Allergy-Friendly Dog Food for Environmental Sensitivities,Choose ingredients that support skin and coat health,Incorporate natural remedies like herbs or antioxidants,Avoid common environmental allergens like pollen or dust mites,Provide proper grooming and hygiene for your dog's coat,Consult with a veterinarian to identify specific environmental sensitivities
Allergy-Friendly Dog Food Recipes,Consulting a Vet for Allergy-Friendly Diets,Discuss your dog's specific allergies or dietary needs with a vet,Seek professional advice on creating a customized diet plan,Obtain guidance on proper nutritional balance and portion sizes,Regularly communicate with your vet about your dog's progress,Work collaboratively with your vet to address your dog's allergy concerns
Crate Training: Step-by-Step Guide,Crate Training Essentials,Choose an appropriate crate size and type,Set up the crate in a quiet and accessible area,Introduce the crate gradually with positive reinforcement,Use crate training for short periods initially,Be patient and consistent throughout the training process
Crate Training: Step-by-Step Guide,Choosing the Right Crate,Measure your dog's size for the correct crate size,Select a sturdy and well-ventilated crate,"Consider the crate's features, such as a removable tray or divider",Opt for a crate with a comfortable mat or bedding,Evaluate your dog's growth to ensure the crate remains suitable
Crate Training: Step-by-Step Guide,Introducing Your Dog to the Crate,Make the crate inviting with treats and toys,Encourage your dog to explore the crate on their own,Reward your dog for any positive interaction with the crate,Gradually increase the time spent inside the crate,Avoid forcing or rushing your dog into the crate
Crate Training: Step-by-Step Guide,Crate Training at Night,Establish a bedtime routine to signal sleep time,Place the crate in your bedroom initially,Use calming scents or white noise to promote relaxation,Take your dog for a bathroom break before bedtime,Ignore whining or barking during the night
Crate Training: Step-by-Step Guide,Making the Crate a Positive Experience,Associate the crate with positive rewards,Provide interactive toys or puzzle feeders to keep your dog engaged,Make the crate comfortable with cozy bedding and blankets,Feed meals inside the crate to create a positive association,Ensure the crate is in a temperature-controlled environment
Crate Training: Step-by-Step Guide,Crate Training Schedule,Set a consistent schedule for crate time,Gradually increase the duration of crate sessions each day,Incorporate crate time during periods of inactivity or rest,Avoid using the crate as punishment or extended confinement,Adjust the schedule based on your dog's progress and needs
Crate Training: Step-by-Step Guide,Crate Training for Separation Anxiety,Practice leaving your dog alone in the crate,"Gradually increase the duration of alone time, starting with short intervals","Provide comforting items, such as a shirt with your scent","Use calming aids, like pheromone sprays or anxiety wraps",Consult a professional trainer or behaviorist if needed
Crate Training: Step-by-Step Guide,Gradual Alone Time,Gradually increase the time spent away from your dog,Use interactive toys or food puzzles to keep your dog occupied,Offer rewards and praise when your dog remains calm in the crate,Implement a gradual alone-time routine in different locations,Build up your dog's confidence and trust in the crate
Crate Training: Step-by-Step Guide,Crate Training for Travel,Familiarize your dog with the travel crate,Take short trips in the car to acclimate your dog to traveling in the crate,Make the crate secure in the vehicle,Use calming aids or familiar items from home during travel,Ensure your dog's safety by securing the crate properly
Crate Training: Step-by-Step Guide,Troubleshooting Crate Training Challenges,Identify specific issues and address them individually,Seek professional advice or consult with a dog trainer if needed,Modify the training approach based on your dog's response,Create a positive and stress-free environment around the crate,Maintain a positive attitude and persevere through challenges
Choosing the Right Dog Food for Your Breed,Breed-Specific Dog Food,Research specific nutritional needs of the breed,Look for dog food formulated specifically for the breed,Consider ingredients that address breed-specific health concerns,Consult with breed-specific organizations or experts for recommendations,Adjust feeding amounts based on the individual needs of your dog
Choosing the Right Dog Food for Your Breed,Small Breed Dog Food,Choose smaller-sized kibble for easier chewing,Ensure the formula contains adequate protein and fat for small breed dogs,"Look for added dental health benefits, such as tartar control",Consider higher-calorie options to meet the energy needs of small breeds,Monitor your small breed dog's weight to prevent obesity and adjust as needed
Choosing the Right Dog Food for Your Breed,Large Breed Dog Food,Opt for controlled growth formulas,Look for balanced calcium and phosphorus levels for healthy bone growth,Consider glucosamine and chondroitin for joint support in large breeds,Avoid overfeeding to prevent excessive weight gain,Provide appropriate exercise to maintain a healthy weight
Choosing the Right Dog Food for Your Breed,Active Dog Food Formulas,Choose high-quality protein sources,Look for formulas with higher fat content to support energy needs,Consider added supplements for joint health and muscle recovery,Monitor your active dog's body condition and adjust feeding amounts,Provide mental stimulation and physical exercise to fulfill their energy needs
Choosing the Right Dog Food for Your Breed,Sensitive Stomach Dog Food,Select easily digestible protein sources,Look for formulas with limited ingredients and without common allergens,Consider prebiotics or probiotics to support digestive health,Gradually transition to the new food to minimize digestive upset,Consult with a veterinarian if your dog's sensitive stomach persists
Choosing the Right Dog Food for Your Breed,Toy Breed Dog Food,Choose small kibble size for easier eating,Look for formulas with higher nutrient density to meet their needs,Consider formulas that support dental health and reduce tartar buildup,"Provide smaller, more frequent meals to accommodate their small stomachs",Monitor your toy breed dog's weight to prevent obesity and adjust as needed
Choosing the Right Dog Food for Your Breed,Working Dog Food,Opt for high-protein formulas,Consider formulas with added fat to provide sustained energy,Look for added antioxidants and vitamins for recovery and immune support,Ensure your working dog stays properly hydrated,Consult with trainers or working dog experts for specific nutritional needs
Choosing the Right Dog Food for Your Breed,Senior Dog Food Formulas,Choose formulas with joint support ingredients,Look for reduced-calorie options to prevent weight gain in older dogs,Consider added supplements for brain health and aging-related issues,Monitor your senior dog's weight and adjust feeding amounts accordingly,Regular veterinary check-ups are essential to monitor your senior dog's health
Choosing the Right Dog Food for Your Breed,Heritage and Hunting Dog Food,Research traditional dietary needs of the breed,Look for formulas that mimic the ancestral diet of hunting dogs,Consider formulas with high-quality protein and healthy fats,Provide mental stimulation through puzzle toys or scent-based activities,"Gradually transition your dog to a new food, and monitor their response"
Choosing the Right Dog Food for Your Breed,Consulting with a Vet,Seek professional advice for breed-specific needs,Discuss any existing health conditions or dietary restrictions with a vet,Get recommendations on suitable dog food brands and formulas,Update your vet about any changes in your dog's health or behavior,Regularly consult with your vet to ensure your dog's nutritional needs are met