Pinterest Topics,Pin Ideas,Tip1,Tip2,Tip3,Tip4,Tip5
Healthy Meal Prep Ideas, Weekly meal prep schedule,Plan meals in advance to avoid temptation,Use portion control containers,Incorporate a variety of vegetables,Prepare proteins in different ways,Choose whole grains over refined carbs
Healthy Meal Prep Ideas, Mason jar salads,Layer ingredients strategically,Use a variety of colors for visual appeal,Store dressings separately,Add protein like grilled chicken or tofu,Include healthy fats like avocado or nuts
Healthy Meal Prep Ideas, Freezerfriendly meals,Label and date containers,Batch cook for efficiency,Opt for recipes that freeze well,Thaw overnight in the refrigerator,Invest in quality freezersafe containers
LowCalorie Recipes, Veggiepacked soups,Blend some vegetables for a creamy texture,Season with herbs and spices instead of salt,Use lowsodium broth,Garnish with fresh herbs for flavor,Skip cream and opt for Greek yogurt
LowCalorie Recipes, Zucchini noodles,Saut√© with garlic for added flavor,Pair with lean protein like grilled shrimp,Top with homemade tomato sauce,Add a sprinkle of Parmesan cheese,Experiment with different veggie noodles
LowCalorie Recipes, Cauliflower rice,Season with soy sauce or tamari,Add scrambled eggs for protein,Stirfry with colorful vegetables,Finish with a squeeze of lime juice,Roast cauliflower rice for added flavor
Quick & Easy Meal Ideas, Sheet pan dinners,Use parchment paper for easy cleanup,Precut vegetables for convenience,Choose protein and veggies that cook at the same time,Season generously with herbs and spices,Drizzle with olive oil before roasting
Quick & Easy Meal Ideas, Onepot pasta dishes,Choose whole wheat or chickpea pasta,Add plenty of vegetables for fiber,Use a flavorful broth for cooking,Finish with a sprinkle of Parmesan cheese,Customize with your favorite veggies
Quick & Easy Meal Ideas, Stirfry recipes,Precut ingredients for speed,Cook on high heat for a quick meal,Use a mix of colorful vegetables,Marinate protein beforehand for flavor,Finish with a drizzle of sesame oil
HighProtein Meal Ideas, Proteinpacked smoothies,Use Greek yogurt or protein powder,Add spinach or kale for added nutrients,Include a source of healthy fats,Sweeten with fruits instead of sugar,Add a handful of oats for fiber
HighProtein Meal Ideas, Grilled chicken bowls,Marinate chicken for extra flavor,Include a variety of veggies and grains,Top with a homemade salsa or sauce,Add a sprinkle of nuts or seeds,Swap white rice for quinoa or brown rice
HighProtein Meal Ideas, Lentil or bean salads,Mix with a tangy vinaigrette,Include crunchy vegetables for texture,Add fresh herbs for brightness,Toss with feta or goat cheese for richness,Use canned beans to save time
Healthy Snack Ideas, Protein energy balls,"Mix oats, nut butter, and honey",Add seeds or chopped nuts for crunch,Roll in coconut flakes for extra flavor,Store in the fridge for grabandgo snacks,Customize flavors with spices or extracts
Healthy Snack Ideas, Greek yogurt parfaits,Layer yogurt with fresh fruit and granola,Drizzle with honey for sweetness,Add a sprinkle of cinnamon for flavor,Use unsweetened yogurt for lower sugar,Swap granola for toasted oats or nuts
Healthy Snack Ideas, Veggie sticks with hummus,"Prep carrots, celery, and bell peppers",Make homemade hummus for freshness,Try different hummus flavors,Sprinkle with paprika or cumin,Add a squeeze of lemon for brightness
LowCarb Meal Ideas, Cauliflower pizza crust,Pulse cauliflower into ricelike texture,Bake until golden and crisp,Top with favorite pizza toppings,Serve with a side salad for balance,Use almond flour for added protein
LowCarb Meal Ideas, Lettuce wraps,Use large lettuce leaves as wraps,"Fill with protein, veggies, and sauce",Roll tightly to hold ingredients together,Add avocado slices for creaminess,Try different lettuce varieties
LowCarb Meal Ideas, Egg muffins,Beat eggs and pour into muffin tin,"Add diced veggies, cheese, and cooked bacon",Bake until set and golden,Store in the fridge for easy breakfasts,Microwave briefly to reheat