Pinterest Topics,Pin Ideas,Tip 1,Tip 2,Tip 3,Tip 4,Tip 5
Nutrition Infographics,Fiber-Rich Foods Chart,Highlight High-Fiber Foods,Emphasize Daily Fiber Intake,Include Fun Facts about Fiber,Use Vibrant Colors and Clear Fonts,Encourage Pinners to Share and Save
Nutrition Infographics,Vitamin Sources Infographic,Categorize Vitamins by Functions,Provide Serving Size Information,Design with an Easy-to-Follow Layout,Add a Call-to-Action for Further Reading,Optimize for Mobile Viewing
Nutrition Infographics,Protein Power Foods,Showcase Various Protein Sources,Incorporate Protein Intake Tips,Create a Visual Macronutrient Guide,Utilize Icons for Quick Recognition,Suggest Protein-Rich Meal Ideas
Nutrition Infographics,Essential Nutrients Guide,Break Down Key Nutrients,Offer Dietary Recommendations,Design a Balanced Plate Infographic,Include Sources of Essential Nutrients,Link to Reliable Nutrition Resources
Nutrition Infographics,Healthy Fats Overview,Differentiate Between Good and Bad Fats,Provide Portion Control Tips,Include Heart-Healthy Recipes,Utilize Infographic Comparisons,Recommend Healthy Fat Swaps
Nutrition Infographics,Antioxidant-Rich Foods,Group Antioxidant-Rich Foods,Highlight Benefits of Antioxidants,Include a Quick Recipe with Berries,Use Eye-Catching Images of Superfoods,Mention Antioxidant-Rich Beverages
Nutrition Infographics,Calcium-Rich Choices,Showcase Non-Dairy Calcium Sources,Include Calcium Absorption Tips,Highlight Bone Health Information,Create a Visual Calcium Comparison Chart,Share Dairy and Dairy-Free Options
Nutrition Infographics,Iron-Boosting Foods,Feature Iron-Rich Plant-Based Foods,Provide Tips for Iron Absorption,Include Iron-Rich Meal Ideas,Incorporate Iron Bioavailability Info,Mention Iron-Rich Snack Options
Nutrition Infographics,Hydration Tips Chart,Display Hydration Benefits,Include Infused Water Ideas,Emphasize Daily Water Intake Goals,Use Water Droplet Icons for Visual Appeal,Encourage Regular Water Breaks
Nutrition Infographics,Macro Breakdown Infograph,Illustrate Macronutrient Ratios,Offer Tips for Balanced Nutrition,Include Portion Control Guidelines,Design a Macronutrient Plate Diagram,Suggest Apps for Tracking Nutrients
Healthy Recipes,Quick and Easy Meal Prep Ideas,Share Time-Saving Cooking Tips,Include Nutritional Information,Provide Make-Ahead Recipes,Emphasize Balanced and Colorful Meals,Encourage Batch Cooking
Healthy Recipes,Plant-Based Recipe Collection,Showcase Variety in Plant-Based Diet,Include Protein-Rich Plant Foods,Highlight Nutrient-Dense Options,Feature Easy-to-Follow Cooking Steps,Share Personalized Success Stories
Fitness Motivation,Inspirational Fitness Quotes,Create Motivational Quote Graphics,Include Images of Fit Individuals,Add Fitness Goals and Achievements,Design Quotes for Different Fitness Levels,Encourage Setting Realistic Goals
Fitness Motivation,Workout Challenge Calendar,Design Monthly Fitness Challenges,Include Rest Days in the Schedule,Share Progress Tracking Tips,Encourage Participants to Share Results,Provide Modifications for Beginners
Healthy Snack Ideas,Nutrient-Packed Snack List,Feature a Variety of Healthy Snacks,Include Portion Control Tips,Provide Nutritional Information,Emphasize Easy Preparation and Portability,Suggest Snacks for Different Cravings
Healthy Snack Ideas,DIY Trail Mix Recipes,Showcase Customizable Trail Mixes,Include a Mix-and-Match Guide,Highlight Nut and Seed Benefits,Incorporate Sweet and Savory Combinations,Encourage Pinners to Share Creations
Nutritional Tips,Reading Food Labels,Educate on Label Interpretation,Highlight Hidden Sugar and Salt,Emphasize Whole Ingredients,Provide Tips for Identifying Nutrient Gaps,Include QR Codes for Label Scanning
Nutritional Tips,Balanced Plate Guide,Illustrate Proper Portion Sizes,Include Visuals of Food Groups,Emphasize Colorful and Varied Meals,Provide Tips for Macronutrient Distribution,Encourage Mindful and Slow Eating
Healthy Cooking Tips,Cooking with Fresh Herbs,Showcase Flavorful Herb Combinations,Include Health Benefits of Herbs,Provide Storage and Usage Tips,Suggest Herbs for Different Cuisines,Offer DIY Herb Garden Ideas
Healthy Cooking Tips,Substituting Ingredients,Feature Healthy Ingredient Swaps,Provide Substitution Ratios,Include Allergen-Friendly Options,Highlight Flavor Enhancements with Substitutes,Encourage Experimentation in Cooking
Meal Planning Ideas,Batch Cooking Recipes,Showcase Recipes Suitable for Batch Cooking,Provide Freezer Storage Tips,Emphasize Time and Money Savings,Include Portioning and Reheating Instructions,Suggest Weekly Batch Cooking Sessions
Meal Planning Ideas,Budget-Friendly Meal Prep,Feature Cost-Effective Recipes,Include Tips for Buying in Bulk,Provide a Weekly Meal Prep Schedule,Highlight Ingredient Overlaps for Efficiency,Encourage Leftover Transformation
Plant-Based Nutrition,Essential Nutrients on a Plant-Based Diet,Highlight Key Nutrients in Plant Foods,Include Protein-Rich Plant Options,Showcase Complete Protein Combinations,Provide Tips for Iron and Calcium Absorption,Encourage Variety in Plant Choices
Plant-Based Nutrition,Vegan Dessert Alternatives,Showcase Healthier Sweet Treats,Provide Sugar and Flour Substitutes,Include Nutritional Comparisons,Highlight Plant-Based Protein Sources,Encourage Pinners to Share Dessert Ideas
Quick & Easy Recipes,15-Minute Dinner Ideas,Feature Time-Efficient Recipes,Provide Pre-Chopped Ingredients,Emphasize One-Pan or One-Pot Meals,Include Flavorful Shortcuts and Condiments,Encourage Pinners to Share Quick Recipes
Quick & Easy Recipes,Sheet Pan Baking,Showcase Sheet Pan Meal Options,Include Roasting Times for Each Ingredient,Offer Minimal Cleanup Tips,Provide Tips for Even Cooking and Crispy Results,Suggest Seasonal Sheet Pan Recipes
5-Ingredient Recipes,Simple and Delicious Dishes,Feature Recipes with Few Ingredients,Include Pantry Staples for Versatility,Emphasize Minimal Prep Time,Highlight Flavorful Combinations with Few Ingredients,Encourage Substitutions and Creativity
No-Bake Treats,Easy Dessert Recipes,Showcase No-Bake Dessert Options,Include Quick Chilling or Setting Times,Provide Tips for Creating Layers,Suggest Garnishes for Presentation,Encourage Pinners to Share No-Bake Creations
Healthy Smoothies,Nutrient-Packed Smoothie Ideas,Feature Colorful and Nutrient-Rich Smoothies,Include Protein and Fiber Add-Ins,Provide Tips for Balancing Flavors,Highlight Health Benefits of Ingredients,Encourage Pinners to Customize Smoothies