Pinterest Topic,Pin Ideas,Tip 1,Tip 2,Tip 3,Tip 4,Tip 5
Cat-Friendly DIY Furniture, Upcycled Cat Beds and Scratching Posts,Use repurposed materials.,Add catnip for extra appeal.,Incorporate cozy textures.,Ensure stability and durability.,Personalize with your cat's name.
Senior Cat Care Tips, Caring for Older Felines,Schedule regular vet check-ups.,Provide a comfortable bed.,Consider joint supplements.,Monitor hydration levels.,Adjust the diet for senior cats.
Cat Dental Health, Dental Care for Cats,Introduce cat dental treats.,Use a cat-friendly toothbrush.,Gradually introduce brushing.,Opt for dental health toys.,Consider dental check-ups.
Cat Yoga and Exercise, Fun Workouts for Cats,Use interactive toys for play.,Create DIY agility courses.,Try laser pointer exercises.,Encourage climbing activities.,Use treat-dispensing toys.
Cat-Friendly Holiday Ideas, Celebrating with Your Feline,Create cat-friendly decorations.,Offer holiday-themed treats.,Monitor stress during events.,Provide a quiet retreat space.,Include cat-safe wrapping paper.
Cat Art and Crafts, DIY CatInspired Art Projects,Make paw print art together.,Create a cat-themed gallery.,Use non-toxic art supplies.,Craft a cozy homemade bed.,Incorporate cat fur into crafts.
Cat-Friendly Essential Oils, Safe Scents for a Calm Environment,Choose cat-safe essential oils.,Use a diffuser with caution.,Provide well-ventilated areas.,Monitor for any adverse reactions.,Consult with a vet for advice.
Adopting a Second Cat, Introducing a New Feline to Your Home,Gradual scent swapping process.,Separate initially for safety.,Use positive reinforcement.,Monitor for signs of stress.,Provide separate resources.
Cat-Friendly Games and Puzzles, Interactive Playtime Ideas,Hide treats in puzzle toys.,Engage in feather wand play.,Create a DIY treat-dispensing game.,Rotate toys for variety.,Observe and cater to your cat's preferences.
Cat Travel Essentials, Preparing for Trips with Your Cat,Bring familiar bedding and toys.,Use a secure travel carrier.,Include a favorite blanket.,Gradually acclimate to the car.,Plan for rest and bathroom breaks.
Cat-Friendly Litter Box Solutions, Creative Litter Box Hiding Ideas,Use concealed furniture options.,Ensure easy access for the cat.,Keep the area well-ventilated.,Choose a low-traffic location.,Regularly clean and scoop.
Cat-Friendly Outdoor Adventures, Exploring Nature with Your Cat,Use a secure harness and leash.,Start with short outdoor sessions.,Choose quiet and safe locations.,Bring a comfortable carrier.,Monitor for signs of enjoyment.
Sustainable Cat Care, EcoFriendly Products and Practices,Opt for biodegradable litter.,Choose eco-friendly cat toys.,Use washable and reusable items.,Recycle cat food packaging.,Consider DIY cat furniture.
Cat Massage Techniques, Relaxing Massage for Your Feline,Start with gentle strokes.,Focus on areas your cat enjoys.,Use calming scents in the room.,Pay attention to body language.,Massage during nap or playtime.
Cat-Friendly Technology, Gadgets for Feline Entertainment,Try interactive laser toys.,Use automated treat dispensers.,Set up a cat-friendly webcam.,Explore app-based games for cats.,Provide cat-friendly tablet apps.
Cat Birthday Party Ideas, Celebrating Your Cat's Special Day,Create a cat-friendly cake.,"Plan a ""paw-ty"" with cat friends.",Use cat-themed decorations.,Include catnip-infused toys.,Capture adorable party moments.
Cat First Aid Essentials, Emergency Preparedness for Cat Owners,Keep a pet first aid kit.,Know basic cat CPR techniques.,Store emergency contact numbers.,Learn how to safely restrain a cat.,Familiarize with common toxins.
Cat-Friendly Music Playlist, Soothing Sounds for Your Feline Companion,Experiment with calming music.,Create a playlist for relaxation.,Use nature sounds or purring.,Play music during quiet time.,Observe your cat's preferences.
Cat-Friendly Book Nooks, Cozy Reading Spaces for You and Your Cat,Create a cat-friendly reading spot.,Use soft blankets and cushions.,Add a cat tree or perch nearby.,Include shelves for exploration.,Enjoy quiet reading together.
Cat-Friendly Garden Ideas, Designing a Safe and Enriching Outdoor Space,Plant cat-safe herbs and grasses.,Provide shaded lounging areas.,Create a catnip garden corner.,Use cat-friendly mulch.,Add a secure outdoor enclosure.
Cat-Friendly Art and Décor, Incorporating CatInspired Art into Your Home,Frame cat art prints or paintings.,Choose cat-themed throw pillows.,Incorporate cat sculptures.,Create a cat photo wall.,Consider custom cat portraits.
Cat Weight Management Tips, Supporting a Healthy Weight for Your Cat,Measure food portions accurately.,Encourage interactive play.,Monitor treats and snacks.,Consult the vet for guidance.,Adjust feeding based on activity.
Cat-Friendly Travel Accessories, Essentials for StressFree Journeys,Invest in a comfortable carrier.,Pack familiar bedding and toys.,Bring a collapsible water bowl.,Use calming pheromone sprays.,Plan breaks for stretching and play.
Cat Enrichment Activities, DIY Puzzle Feeders and Brain Games,Create food-dispensing toys.,Use ice trays for treats.,Make a DIY cardboard puzzle.,Rotate toys to prevent boredom.,Create a treasure hunt for treats.
Cat Behavior Training, Positive Reinforcement Techniques,Reward desired behaviors.,Use clicker training for cues.,Be consistent with commands.,Keep training sessions short.,Patience and positive energy.
Cat-Friendly Window Perches Redux, Designing Window Spaces for Happy Cats,Choose secure window perches.,Add a cozy blanket or cushion.,Ensure a view of outdoor sights.,Install near a sunny spot.,Include a perch at different heights.
Cat-Friendly Workspace Ideas, Creating a Productive Environment with a Cat,Designate a cozy cat corner.,Provide a window view.,Set up a cat-friendly bed or perch.,Use calming scents in the area.,Include cat-safe plants.
Cat-Safe Essential Oils Redux, Calming Scents for a Relaxed Atmosphere,Choose cat-friendly scents.,Use essential oils sparingly.,Diffuse in well-ventilated areas.,Monitor for any adverse reactions.,Consult with a vet for guidance.
Cat Yoga for Bonding, Partnering in Relaxation and Flexibility,Practice gentle yoga at home.,Include your cat in stretches.,Use soothing music in the background.,Create a calm atmosphere.,Allow your cat to lead sometimes.
Cat-Friendly Bookshelf Styling, Integrating CatFriendly Décor with Books,Use cat-themed bookends.,Arrange cozy reading nooks.,Add cat figurines or art prints.,Incorporate cat-shaped shelves.,Mix in cat-inspired literature.
Cat Halloween Costume Ideas, Adorable and Comfortable Costumes for Cats,Choose comfortable fabrics.,Ensure costumes don't restrict movement.,Opt for simple and cute designs.,Introduce costumes gradually.,Capture cute costume photos.
Cat Communication Signals, Decoding Your Cat's Body Language,Learn the meaning of tail positions.,Understand ear and whisker signals.,Pay attention to vocalizations.,Notice changes in body posture.,Recognize signs of contentment.
Cat-Friendly Car Games, Keeping Your Cat Entertained on Road Trips,Introduce catnip toys for play.,Create a mobile scratching post.,Use interactive feather wands.,Bring a cozy cat bed for comfort.,Play calming music during travel.